level	pair_id	target_id	partner_id	Position	Before_AA	mutant_count	mean_delta_effect	mean_delta_loss	mean_delta_gain	max_delta_effect	max_delta_effect_mutation	max_delta_effect_after_aa	max_delta_effect_class	max_delta_effect_row_id	max_delta_loss	max_delta_loss_mutation	max_delta_loss_after_aa	max_delta_loss_class	max_delta_loss_row_id	max_delta_gain	max_delta_gain_mutation	max_delta_gain_after_aa	max_delta_gain_class	max_delta_gain_row_id
directed_pair	hsPCDH15__hsLHFLP5	hsPCDH15	hsLHFLP5	ALL		15644	-0.0027371959	-0.0028335635	9.6367513e-05	0.3949774	S1710R	R	disrupting	itw_000106671	0.38927125	S1710R	R	disrupting	itw_000106671	0.12225894	D813E	E	increasing	itw_000098560
directed_pair	hsPCDH15__hsTMIE	hsPCDH15	hsTMIE	ALL		15644	0.00082041813	0.00073909978	8.1318345e-05	0.34827024	S1710R	R	decreasing	itw_000071473	0.34281247	S1710R	R	decreasing	itw_000071473	0.12455913	D813E	E	increasing	itw_000063362
directed_pair	hsPCDH15__hsTMC1	hsPCDH15	hsTMC1	ALL		15644	-4.2487205e-06	9.9931546e-07	-5.248036e-06	0.34726024	S1710R	R	disrupting	itw_000053874	0.33629751	S1710R	R	disrupting	itw_000053874	0.14426796	D813E	E	increasing	itw_000045763
directed_pair	hsLHFLP5__hsTMIE	hsLHFLP5	hsTMIE	ALL		1730	0.0087319784	0.0091363081	-0.00040432974	0.3057254	C114Y	Y	disrupting	itw_000111864	0.29909565	C114Y	Y	disrupting	itw_000111864	0.027750946	L181S	S	disrupting	itw_000112443
directed_pair	hsTMC1__hsTMIE	hsTMC1	hsTMIE	ALL		5889	-0.0007009936	-0.001001992	0.00030099836	0.30398044	K263I	I	disrupting	itw_000002293	0.29740422	K263I	I	disrupting	itw_000002293	0.07191326	Y653S	S	increasing	itw_000005709
directed_pair	hsTMC1__hsLHFLP5	hsTMC1	hsLHFLP5	ALL		5889	-0.004374918	-0.0045099983	0.00013508032	0.30309935	K263I	I	disrupting	itw_000022240	0.29496973	K263I	I	disrupting	itw_000022240	0.065773522	R231H	H	increasing	itw_000021967
directed_pair	hsPCDH15__hsCIB2	hsPCDH15	hsCIB2	ALL		15644	-0.0008711872	-0.0011051689	0.0002339817	0.27417122	S1710R	R	disrupting	itw_000089072	0.27857045	S1710R	R	disrupting	itw_000089072	0.14092464	D813E	E	increasing	itw_000080961
directed_pair	hsTMIE__hsTMC1	hsTMIE	hsTMC1	ALL		1197	-0.0010974469	-0.0011101972	1.2750356e-05	0.27111886	C21S	S	disrupting	itw_000026774	0.2720192	C21S	S	disrupting	itw_000026774	0.012053663	A35D	D	disrupting	itw_000026896
directed_pair	hsCIB2__hsLHFLP5	hsCIB2	hsLHFLP5	ALL		1435	-0.0023029874	-0.0025896291	0.00028664173	0.26458827	S138L	L	disrupting	itw_000038070	0.26369953	S138L	L	disrupting	itw_000038070	0.039796996	R47C	C	disrupting	itw_000037262
directed_pair	hsTMIE__hsLHFLP5	hsTMIE	hsLHFLP5	ALL		1197	-0.0032386212	-0.0032405325	1.9113275e-06	0.25581516	C21S	S	disrupting	itw_000030833	0.25623394	C21S	S	disrupting	itw_000030833	0.012583278	A35D	D	disrupting	itw_000030955
directed_pair	hsLHFLP5__hsTMC1	hsLHFLP5	hsTMC1	ALL		1730	0.0033835565	0.0038492816	-0.00046572517	0.25097372	C114Y	Y	disrupting	itw_000109915	0.24464085	C114Y	Y	disrupting	itw_000109915	0.041716175	E217Q	Q	increasing	itw_000110824
directed_pair	hsTMIE__hsCIB2	hsTMIE	hsCIB2	ALL		1197	-0.0016408869	-0.0016342097	-6.6771745e-06	0.24899608	L13W	W	decreasing	itw_000028059	0.24998619	L13W	W	decreasing	itw_000028059	0.015176773	V118G	G	increasing	itw_000028988
directed_pair	hsCIB2__hsTMIE	hsCIB2	hsTMIE	ALL		1435	0.002875888	0.0029987463	-0.00012285828	0.24486817	L132W	W	disrupting	itw_000034770	0.25046139	L132W	W	disrupting	itw_000034770	0.040221316	Q12H	H	increasing	itw_000033721
directed_pair	hsTMIE__hsPCDH15	hsTMIE	hsPCDH15	ALL		1197	-0.0026775634	-0.0026653619	-1.2201435e-05	0.24041411	C21S	S	disrupting	itw_000029480	0.2413174	C21S	S	disrupting	itw_000029480	0.014563433	E31D	D	increasing	itw_000029566
directed_pair	hsCIB2__hsTMC1	hsCIB2	hsTMC1	ALL		1435	0.0008762094	0.0011690503	-0.00029284091	0.23261344	S138L	L	disrupting	itw_000033204	0.233231	S138L	L	disrupting	itw_000033204	0.036381966	M44L	L	disrupting	itw_000032376
directed_pair	hsLHFLP5__hsPCDH15	hsLHFLP5	hsPCDH15	ALL		1730	0.0027986708	0.0033480622	-0.00054939146	0.23088782	I45K	K	disrupting	itw_000115132	0.21975883	C114Y	Y	disrupting	itw_000115762	0.0352133	E217Q	Q	increasing	itw_000116671
directed_pair	hsCIB2__hsPCDH15	hsCIB2	hsPCDH15	ALL		1435	-0.000128772	0.0002773229	-0.00040609491	0.22999108	S138L	L	disrupting	itw_000036448	0.2303914	S138L	L	disrupting	itw_000036448	0.047398029	R47C	C	disrupting	itw_000035640
directed_pair	hsTMC1__hsPCDH15	hsTMC1	hsPCDH15	ALL		5889	-0.0031526607	-0.0032140629	6.1402146e-05	0.22626101	K488N	N	decreasing	itw_000017548	0.21649776	K488N	N	decreasing	itw_000017548	0.09934332	R231H	H	increasing	itw_000015318
directed_pair	hsTMC1__hsCIB2	hsTMC1	hsCIB2	ALL		5889	-0.0026751582	-0.003081812	0.00040665381	0.21906058	K263I	I	disrupting	itw_000008942	0.2305792	K263I	I	disrupting	itw_000008942	0.11142593	R231H	H	increasing	itw_000008669
directed_pair	hsLHFLP5__hsCIB2	hsLHFLP5	hsCIB2	ALL		1730	0.0024485657	0.002949728	-0.00050116227	0.21688085	S185N	N	disrupting	itw_000114431	0.2184806	S185N	N	disrupting	itw_000114431	0.041679167	A178S	S	increasing	itw_000114367
